course,school,title,description,exam date,exam start,exam end,
IS100,SIS,Calculus ,"The basic objective of Calculus is to relate small-scale (differential) quantities to large-scale (integrated) quantities. This is accomplished by means of the Fundamental Theorem of Calculus. Students should demonstrate an understanding of the integral as a cumulative sum, of the derivative as a rate of change, and of the inverse relationship between integration and differentiation.",20131119,11:45,8:30,
IS101,SIS,,This is a second course on calculus.�It is more advanced definitely.,20131118,12:00,15:15,
IS102,SIS,Java programming,This course teaches you on Java programming. I love Java definitely.,20131117,15:30,18:45,
IS103,SIS,Web Programming,,20131116,8:30,11:45,
IS104,SIS,Advanced Programming,How to write code that nobody can understand,15112013,12:00,15:15,
IS105,SIS,Data Structures,"Data structure is a particular way of storing and organizing data in a computer so that it can be used efficiently. Arrays, Lists, Stacks and Trees will be covered.",20131114,15:30,18:45,
IS106,SIS,Database Modeling & Design,Data modeling in software engineering is the process of creating a data model by applying formal data model descriptions using data modeling techniques. ,20131113,8:30,11:45,
IS107,SIS,IT Outsourcing,This course teaches you on how to outsource your programming projects to others.,20131112,12:00,15:15,
